{
    "loss": 0.7155444622039795,
    "accuracy": 0.9162413477897644
}